model,num_nodes,num_processes,num_gpus,num_prompts,prompt_len,model_parallelism,data_parallelism,quantization,machine,inference_time,request_id,timestamp
falcon-7b,1,1,1,1,12,deepspeed,none,bf16,Standard_NC96ads_A100_v4,2.5721077919006348,a54ee0d2-be50-4a0e-8715-30dad41b9546,2023-09-29 02:33:05
falcon-7b,1,1,1,1,88,deepspeed,none,bf16,Standard_NC96ads_A100_v4,1.0844974517822266,e22d1bf7-9513-47af-84a1-168d63faddbe,2023-09-29 02:33:06
falcon-7b,1,1,1,1,131,deepspeed,none,bf16,Standard_NC96ads_A100_v4,1.4072182178497314,deb3b8e8-d628-4de8-b8f1-45c96ed86798,2023-09-29 02:33:08
falcon-7b,1,1,1,1,128,deepspeed,none,bf16,Standard_NC96ads_A100_v4,5.587104558944702,68bbab10-d14a-4ff9-aee3-53bbec8d5215,2023-09-29 02:33:13
falcon-7b,1,1,1,1,91,deepspeed,none,bf16,Standard_NC96ads_A100_v4,6.1243908405303955,2579952e-0885-46be-ad4a-038bc2da3ec8,2023-09-29 02:33:19
falcon-7b,1,1,1,1,137,deepspeed,none,bf16,Standard_NC96ads_A100_v4,5.080880880355835,80e6b37f-df63-445b-a26e-2da3057c8f18,2023-09-29 02:33:24
falcon-7b,1,1,1,1,122,deepspeed,none,bf16,Standard_NC96ads_A100_v4,4.812274217605591,ebbf2e44-d6d0-4985-94ad-71b35b96e877,2023-09-29 02:33:29
falcon-7b,1,1,1,1,59,deepspeed,none,bf16,Standard_NC96ads_A100_v4,1.0354785919189453,6c5dd50e-54d5-4cbe-bc19-de90940e6d05,2023-09-29 02:33:30
falcon-7b,1,1,1,1,85,deepspeed,none,bf16,Standard_NC96ads_A100_v4,2.9749350547790527,f3222f98-894e-4d0b-af8a-610e2ad27b44,2023-09-29 02:33:33
falcon-7b,1,1,1,1,96,deepspeed,none,bf16,Standard_NC96ads_A100_v4,4.101143836975098,23e82e01-43aa-4ed1-8122-7c11316e321d,2023-09-29 02:33:37
falcon-7b,1,1,1,1,68,deepspeed,none,bf16,Standard_NC96ads_A100_v4,6.25035285949707,88ae1e2e-a9d1-4f83-89e4-d597b2867325,2023-09-29 02:33:44
falcon-7b,1,1,1,1,82,deepspeed,none,bf16,Standard_NC96ads_A100_v4,4.452181577682495,bf9b8f68-2ffa-451a-bcaf-2730f0e69eea,2023-09-29 02:33:48
falcon-7b,1,1,1,1,75,deepspeed,none,bf16,Standard_NC96ads_A100_v4,0.9771053791046143,a34f2c87-505d-4fb5-800e-92595845aba1,2023-09-29 02:33:49
falcon-7b,1,1,1,1,96,deepspeed,none,bf16,Standard_NC96ads_A100_v4,6.134228706359863,37a87b1e-4b10-43a3-b83f-7aff12e1a186,2023-09-29 02:33:55
falcon-7b,1,1,1,1,98,deepspeed,none,bf16,Standard_NC96ads_A100_v4,6.0205323696136475,90f68efe-53df-4058-9413-0c83526c47bc,2023-09-29 02:34:01
falcon-7b,1,1,1,1,123,deepspeed,none,bf16,Standard_NC96ads_A100_v4,5.425757169723511,0182b3cd-27aa-45c4-a853-d3afaeca5a2e,2023-09-29 02:34:07
falcon-7b,1,1,1,1,87,deepspeed,none,bf16,Standard_NC96ads_A100_v4,3.486509323120117,b1a5d3db-a7da-4b66-a730-0cf4fd0a7421,2023-09-29 02:34:10
falcon-7b,1,1,1,1,28,deepspeed,none,bf16,Standard_NC96ads_A100_v4,5.35953164100647,1e7dbd64-080f-4a03-b29b-66d4273f5ba6,2023-09-29 02:34:15
falcon-7b,1,1,1,1,52,deepspeed,none,bf16,Standard_NC96ads_A100_v4,3.423344612121582,ac4bbf2b-fcfd-4d16-9454-27c818a86df0,2023-09-29 02:34:19
falcon-7b,1,1,1,1,294,deepspeed,none,bf16,Standard_NC96ads_A100_v4,4.639197826385498,647e38a1-2b82-4d37-ae62-6d4a447a3a9a,2023-09-29 02:34:23
falcon-7b,1,1,1,1,55,deepspeed,none,bf16,Standard_NC96ads_A100_v4,3.4435813426971436,4081cfae-72de-41b9-9a8b-bb304ed31540,2023-09-29 02:34:27
falcon-7b,1,1,1,1,111,deepspeed,none,bf16,Standard_NC96ads_A100_v4,3.767458200454712,bfad8e36-a267-432b-ba28-ccb5ff8b9921,2023-09-29 02:34:31
falcon-7b,1,1,1,1,27,deepspeed,none,bf16,Standard_NC96ads_A100_v4,4.433942556381226,c45e2333-dab0-4a8f-9814-feeb74d4f531,2023-09-29 02:34:35
falcon-7b,1,1,1,1,141,deepspeed,none,bf16,Standard_NC96ads_A100_v4,0.38245129585266113,41e205c6-57fd-4e0c-816a-760b49413711,2023-09-29 02:34:35
falcon-7b,1,1,1,1,127,deepspeed,none,bf16,Standard_NC96ads_A100_v4,4.682483196258545,ff87785d-e1be-479a-9483-797ead697389,2023-09-29 02:34:40
falcon-7b,1,1,1,1,79,deepspeed,none,bf16,Standard_NC96ads_A100_v4,1.4313690662384033,98bfa01e-5cfd-4248-9c96-7e0829f2978c,2023-09-29 02:34:42
falcon-7b,1,1,1,1,133,deepspeed,none,bf16,Standard_NC96ads_A100_v4,1.5265650749206543,bc286a05-493e-4ac3-a63b-0cf3b55b042a,2023-09-29 02:34:43
falcon-7b,1,1,1,1,147,deepspeed,none,bf16,Standard_NC96ads_A100_v4,5.640450716018677,c8a37b15-7b76-4796-8b24-e474e684c825,2023-09-29 02:34:49
falcon-7b,1,1,1,1,84,deepspeed,none,bf16,Standard_NC96ads_A100_v4,5.933364152908325,929d0764-6523-43a7-bd10-454eaec40864,2023-09-29 02:34:55
falcon-7b,1,1,1,1,245,deepspeed,none,bf16,Standard_NC96ads_A100_v4,4.989971399307251,eae042f8-95d5-43ec-8649-dcfc1a1074ea,2023-09-29 02:35:00
falcon-7b,1,1,1,1,39,deepspeed,none,bf16,Standard_NC96ads_A100_v4,4.232551097869873,13cc7b62-1dcd-4462-9ba4-0efce6e974aa,2023-09-29 02:35:04
falcon-7b,1,1,1,1,56,deepspeed,none,bf16,Standard_NC96ads_A100_v4,6.1992011070251465,c5708c93-1432-4190-9d02-36a68ffec67d,2023-09-29 02:35:10
falcon-7b,1,1,1,1,206,deepspeed,none,bf16,Standard_NC96ads_A100_v4,2.1151278018951416,f3ee71eb-5963-4269-9d5e-00dfd23d109d,2023-09-29 02:35:12
falcon-7b,1,1,1,1,369,deepspeed,none,bf16,Standard_NC96ads_A100_v4,3.714160680770874,d60acadc-4d70-48b0-a4fc-d4dff63eb612,2023-09-29 02:35:16
falcon-7b,1,1,1,1,710,deepspeed,none,bf16,Standard_NC96ads_A100_v4,0.5989975929260254,84901efd-2588-4982-a9f3-776a7793aef2,2023-09-29 02:35:17
falcon-7b,1,1,1,1,274,deepspeed,none,bf16,Standard_NC96ads_A100_v4,4.071758508682251,9bfab578-7365-41db-be96-bdbd4f19c0e5,2023-09-29 02:35:21
falcon-7b,1,1,1,1,26,deepspeed,none,bf16,Standard_NC96ads_A100_v4,1.2167153358459473,137d80bc-e275-4e28-9220-f2000324ea3a,2023-09-29 02:35:22
falcon-7b,1,1,1,1,188,deepspeed,none,bf16,Standard_NC96ads_A100_v4,5.330296277999878,c6b0b6de-4837-4b70-b845-e390b1646dfe,2023-09-29 02:35:27
falcon-7b,1,1,1,1,48,deepspeed,none,bf16,Standard_NC96ads_A100_v4,2.1667232513427734,88f8148c-2e20-4a83-aae6-ac158d56e839,2023-09-29 02:35:29
falcon-7b,1,1,1,1,66,deepspeed,none,bf16,Standard_NC96ads_A100_v4,6.089056491851807,d4ea7123-ddf6-404f-b532-6db0ea0688c2,2023-09-29 02:35:35
falcon-7b,1,1,1,1,54,deepspeed,none,bf16,Standard_NC96ads_A100_v4,3.8077287673950195,1b26e16f-5f00-479b-80c4-ad3b65344c42,2023-09-29 02:35:39
falcon-7b,1,1,1,1,72,deepspeed,none,bf16,Standard_NC96ads_A100_v4,6.142131328582764,453b17b7-93de-46e9-b757-3caf486b3a20,2023-09-29 02:35:45
falcon-7b,1,1,1,1,84,deepspeed,none,bf16,Standard_NC96ads_A100_v4,2.3281490802764893,0b67f4a2-48bc-4a5d-96d5-6dd0a1356a40,2023-09-29 02:35:48
falcon-7b,1,1,1,1,45,deepspeed,none,bf16,Standard_NC96ads_A100_v4,6.226053237915039,81b84ff4-4166-4179-b353-6ca11802abb8,2023-09-29 02:35:54
falcon-7b,1,1,1,1,201,deepspeed,none,bf16,Standard_NC96ads_A100_v4,5.3824357986450195,45f38ac3-374f-477e-aeb1-68b799352270,2023-09-29 02:35:59
falcon-7b,1,1,1,1,151,deepspeed,none,bf16,Standard_NC96ads_A100_v4,3.982334852218628,330435ae-cda3-42a2-a7e6-65f2f6b46360,2023-09-29 02:36:03
falcon-7b,1,1,1,1,85,deepspeed,none,bf16,Standard_NC96ads_A100_v4,3.163435697555542,836137dd-ccb3-4863-a21c-b9c0df52d4fe,2023-09-29 02:36:06
falcon-7b,1,1,1,1,86,deepspeed,none,bf16,Standard_NC96ads_A100_v4,5.707412004470825,5a5287ed-c235-4bf8-bbc5-d7228d961a7e,2023-09-29 02:36:12
falcon-7b,1,1,1,1,247,deepspeed,none,bf16,Standard_NC96ads_A100_v4,1.6006157398223877,32a2c030-3d88-48a9-b4d5-352ac60c2f4b,2023-09-29 02:36:14
falcon-7b,1,1,1,1,104,deepspeed,none,bf16,Standard_NC96ads_A100_v4,5.967750787734985,f12cc953-8b55-4b0a-bfeb-dd17dd500ff3,2023-09-29 02:36:20
falcon-7b,1,1,1,1,35,deepspeed,none,bf16,Standard_NC96ads_A100_v4,3.307145833969116,303762e4-b234-44fc-991e-aacd3278d145,2023-09-29 02:36:23
falcon-7b,1,1,1,1,48,deepspeed,none,bf16,Standard_NC96ads_A100_v4,3.8186800479888916,85b6f6a4-02bb-462a-86ac-4e5a641525e2,2023-09-29 02:36:27
falcon-7b,1,1,1,1,98,deepspeed,none,bf16,Standard_NC96ads_A100_v4,2.521909713745117,ed83ac15-01c4-4372-969c-85a4b70fbf07,2023-09-29 02:36:29
falcon-7b,1,1,1,1,171,deepspeed,none,bf16,Standard_NC96ads_A100_v4,5.465251922607422,ab495b08-c7a6-4b62-9c75-8c3ba9d127ec,2023-09-29 02:36:35
falcon-7b,1,1,1,1,40,deepspeed,none,bf16,Standard_NC96ads_A100_v4,1.8326358795166016,8f988a29-f161-4c77-83cd-96dd11df77b2,2023-09-29 02:36:37
falcon-7b,1,1,1,1,75,deepspeed,none,bf16,Standard_NC96ads_A100_v4,0.49887704849243164,a26ed4dc-d844-4910-aa9f-c7358cc203e5,2023-09-29 02:36:37
falcon-7b,1,1,1,1,557,deepspeed,none,bf16,Standard_NC96ads_A100_v4,0.033881187438964844,573d8de1-50c8-40cf-a6df-6dfa28f004a8,2023-09-29 02:36:37
falcon-7b,1,1,1,1,406,deepspeed,none,bf16,Standard_NC96ads_A100_v4,3.9069607257843018,9efa2591-0831-4b83-8eb5-4b789604ff11,2023-09-29 02:36:41
falcon-7b,1,1,1,1,132,deepspeed,none,bf16,Standard_NC96ads_A100_v4,5.887973785400391,281588af-aa33-4b49-9965-01cfa424c637,2023-09-29 02:36:47
falcon-7b,1,1,1,1,114,deepspeed,none,bf16,Standard_NC96ads_A100_v4,5.806028366088867,87cf3681-55a7-456c-ae31-003a3eeaf5de,2023-09-29 02:36:53
falcon-7b,1,1,1,1,65,deepspeed,none,bf16,Standard_NC96ads_A100_v4,6.161510705947876,7b4942f1-71de-40f3-beda-b9a9bc565e2f,2023-09-29 02:36:59
falcon-7b,1,1,1,1,115,deepspeed,none,bf16,Standard_NC96ads_A100_v4,6.002446413040161,a20f24d8-7424-4a21-861e-331543b7306e,2023-09-29 02:37:05
falcon-7b,1,1,1,1,98,deepspeed,none,bf16,Standard_NC96ads_A100_v4,6.005922794342041,1365a0c9-5d08-4ccf-b791-6bbbd03e0107,2023-09-29 02:37:11
falcon-7b,1,1,1,1,134,deepspeed,none,bf16,Standard_NC96ads_A100_v4,4.723495960235596,58005f96-69a0-4ad9-8f86-1ad4ab5fe6f9,2023-09-29 02:37:16
falcon-7b,1,1,1,1,82,deepspeed,none,bf16,Standard_NC96ads_A100_v4,2.590662717819214,0de60ea3-9c39-4bfd-aa0c-5d1f52907dd9,2023-09-29 02:37:18
falcon-7b,1,1,1,1,48,deepspeed,none,bf16,Standard_NC96ads_A100_v4,1.742568016052246,444d9808-8f2d-4ec8-a784-ffc39901cba5,2023-09-29 02:37:20
falcon-7b,1,1,1,1,62,deepspeed,none,bf16,Standard_NC96ads_A100_v4,3.1686930656433105,7595b752-e4f0-4295-929e-41afc3471d24,2023-09-29 02:37:23
falcon-7b,1,1,1,1,455,deepspeed,none,bf16,Standard_NC96ads_A100_v4,4.151930570602417,4542b7fc-e429-41be-83da-90723b906294,2023-09-29 02:37:27
falcon-7b,1,1,1,1,93,deepspeed,none,bf16,Standard_NC96ads_A100_v4,5.966366291046143,6f69e1dd-fcca-40a4-b26f-e046b5b72274,2023-09-29 02:37:33
falcon-7b,1,1,1,1,110,deepspeed,none,bf16,Standard_NC96ads_A100_v4,4.077732086181641,2599a1eb-33e6-4847-ac25-0bd5bc28be42,2023-09-29 02:37:37
falcon-7b,1,1,1,1,80,deepspeed,none,bf16,Standard_NC96ads_A100_v4,3.961170196533203,0257f1e2-ff2b-425f-90f4-d9bbee272673,2023-09-29 02:37:41
falcon-7b,1,1,1,1,158,deepspeed,none,bf16,Standard_NC96ads_A100_v4,5.619515895843506,f8524f8c-c4d3-4f30-9b58-7545072f52d7,2023-09-29 02:37:47
falcon-7b,1,1,1,1,49,deepspeed,none,bf16,Standard_NC96ads_A100_v4,6.164684534072876,75aeb85d-bbde-4400-a841-b18443ccec2c,2023-09-29 02:37:53
falcon-7b,1,1,1,1,69,deepspeed,none,bf16,Standard_NC96ads_A100_v4,1.9840238094329834,de555a3b-08c5-42d2-bb8c-acbe1370edf1,2023-09-29 02:37:55
falcon-7b,1,1,1,1,84,deepspeed,none,bf16,Standard_NC96ads_A100_v4,2.4662587642669678,36478419-2b1b-4592-bf73-d68843862b54,2023-09-29 02:37:58
falcon-7b,1,1,1,1,297,deepspeed,none,bf16,Standard_NC96ads_A100_v4,3.6950058937072754,cebc944e-0953-45de-b204-be69ce35a361,2023-09-29 02:38:01
falcon-7b,1,1,1,1,87,deepspeed,none,bf16,Standard_NC96ads_A100_v4,1.1418662071228027,e06099d4-5d99-4a98-8bdb-06a54d815aec,2023-09-29 02:38:02
falcon-7b,1,1,1,1,348,deepspeed,none,bf16,Standard_NC96ads_A100_v4,3.8936221599578857,02fae552-c999-40d3-b65e-287ea607fcc2,2023-09-29 02:38:06
falcon-7b,1,1,1,1,41,deepspeed,none,bf16,Standard_NC96ads_A100_v4,2.7122647762298584,a6096827-36ec-4e4d-9c7a-fc7ff8a935b5,2023-09-29 02:38:09
falcon-7b,1,1,1,1,96,deepspeed,none,bf16,Standard_NC96ads_A100_v4,5.947527647018433,ecc5a21d-a9eb-4f8f-b67e-27fa52ee1f77,2023-09-29 02:38:15
falcon-7b,1,1,1,1,57,deepspeed,none,bf16,Standard_NC96ads_A100_v4,6.1510169506073,df9f4cb9-adb6-4ae8-b3cc-b065bbdff3a2,2023-09-29 02:38:21
falcon-7b,1,1,1,1,82,deepspeed,none,bf16,Standard_NC96ads_A100_v4,6.05077338218689,5c771097-3d71-43a3-a4b1-cf1a3317ac41,2023-09-29 02:38:27
falcon-7b,1,1,1,1,51,deepspeed,none,bf16,Standard_NC96ads_A100_v4,6.277879238128662,dc54daa9-86dc-4efb-bddb-a780e38543b3,2023-09-29 02:38:33
falcon-7b,1,1,1,1,100,deepspeed,none,bf16,Standard_NC96ads_A100_v4,0.4216728210449219,ecbb8bdb-2e9d-4639-9cb5-a4e2b6d5b093,2023-09-29 02:38:34
falcon-7b,1,1,1,1,69,deepspeed,none,bf16,Standard_NC96ads_A100_v4,2.0315663814544678,64df6c17-4409-4108-9e73-3c1cfd80d653,2023-09-29 02:38:36
falcon-7b,1,1,1,1,57,deepspeed,none,bf16,Standard_NC96ads_A100_v4,2.93095326423645,460a790c-599b-488d-88db-166165f3e871,2023-09-29 02:38:39
falcon-7b,1,1,1,1,39,deepspeed,none,bf16,Standard_NC96ads_A100_v4,2.609574794769287,f0fe6fce-46a2-4586-9b63-4c62b952ce69,2023-09-29 02:38:41
falcon-7b,1,1,1,1,34,deepspeed,none,bf16,Standard_NC96ads_A100_v4,2.53790020942688,b62ad078-f323-4503-8917-2b46290217ba,2023-09-29 02:38:44
falcon-7b,1,1,1,1,71,deepspeed,none,bf16,Standard_NC96ads_A100_v4,1.6621804237365723,76ddd507-3f35-4dca-b231-6ed097b7daaf,2023-09-29 02:38:46
falcon-7b,1,1,1,1,59,deepspeed,none,bf16,Standard_NC96ads_A100_v4,6.167888402938843,8851f529-d6d5-4df0-a826-89f019cfed15,2023-09-29 02:38:52
falcon-7b,1,1,1,1,95,deepspeed,none,bf16,Standard_NC96ads_A100_v4,5.995723485946655,53e2817d-c180-4e85-a9bb-e9103d6696f3,2023-09-29 02:38:58
falcon-7b,1,1,1,1,145,deepspeed,none,bf16,Standard_NC96ads_A100_v4,5.336866140365601,d19fece5-0daf-461f-b4b4-6565401adc57,2023-09-29 02:39:03
falcon-7b,1,1,1,1,629,deepspeed,none,bf16,Standard_NC96ads_A100_v4,2.709465503692627,8548de88-58a9-4a38-9c37-919829c69a51,2023-09-29 02:39:06
falcon-7b,1,1,1,1,76,deepspeed,none,bf16,Standard_NC96ads_A100_v4,3.088743209838867,4e1f75df-a3a2-4b31-872b-6ad6cfe0efdc,2023-09-29 02:39:09
falcon-7b,1,1,1,1,117,deepspeed,none,bf16,Standard_NC96ads_A100_v4,0.11823153495788574,da3780a8-c1b4-4147-83aa-fd4276f79e8f,2023-09-29 02:39:09
falcon-7b,1,1,1,1,302,deepspeed,none,bf16,Standard_NC96ads_A100_v4,4.701530456542969,6b73f28a-d5ee-4aa3-9458-651063c70031,2023-09-29 02:39:14
falcon-7b,1,1,1,1,77,deepspeed,none,bf16,Standard_NC96ads_A100_v4,2.286219596862793,21e410dd-ae4b-4fc7-b236-aa541249f95d,2023-09-29 02:39:16
falcon-7b,1,1,1,1,92,deepspeed,none,bf16,Standard_NC96ads_A100_v4,0.8821709156036377,0b08e216-51a5-46d2-a420-c901335b6c76,2023-09-29 02:39:17
falcon-7b,1,1,1,1,93,deepspeed,none,bf16,Standard_NC96ads_A100_v4,2.8462324142456055,e89d08e9-8f2f-4212-8123-cc9868c5d6f8,2023-09-29 02:39:20
falcon-7b,1,1,1,1,55,deepspeed,none,bf16,Standard_NC96ads_A100_v4,2.3888356685638428,89d2c011-3f3a-4cdd-ba07-8290ad38807a,2023-09-29 02:39:22
falcon-7b,1,1,1,1,68,deepspeed,none,bf16,Standard_NC96ads_A100_v4,1.662780523300171,d81af4c0-e88d-4ce8-9185-9e093fde9831,2023-09-29 02:39:24
falcon-7b,1,1,1,1,137,deepspeed,none,bf16,Standard_NC96ads_A100_v4,5.581099987030029,aa858b16-8556-418b-8171-5cc2563b119a,2023-09-29 02:39:29
falcon-7b,1,1,1,1,102,deepspeed,none,bf16,Standard_NC96ads_A100_v4,2.6925055980682373,9d6d0b54-a5ed-4124-af39-08db8e823680,2023-09-29 02:39:32
falcon-7b,1,1,1,1,72,deepspeed,none,bf16,Standard_NC96ads_A100_v4,0.3243064880371094,44b0115c-acbb-4adc-ac97-2084037c9102,2023-09-29 02:39:32
falcon-7b,1,1,1,1,53,deepspeed,none,bf16,Standard_NC96ads_A100_v4,2.201005458831787,c86c66a0-9336-4724-98d2-647ae7220a38,2023-09-29 02:39:35
falcon-7b,1,1,1,1,60,deepspeed,none,bf16,Standard_NC96ads_A100_v4,2.7726800441741943,f231633c-2498-4177-8204-283db483940e,2023-09-29 02:39:37
falcon-7b,1,1,1,1,68,deepspeed,none,bf16,Standard_NC96ads_A100_v4,1.2314398288726807,28ef36fa-bc99-42e0-a60f-adf49af2859d,2023-09-29 02:39:39
falcon-7b,1,1,1,1,94,deepspeed,none,bf16,Standard_NC96ads_A100_v4,3.040294885635376,919eaa60-4a54-455a-ae37-4e496695b210,2023-09-29 02:39:42
falcon-7b,1,1,1,1,78,deepspeed,none,bf16,Standard_NC96ads_A100_v4,1.0827114582061768,dd491d4c-4370-4d78-9c38-c689bfadbfa4,2023-09-29 02:39:43
falcon-7b,1,1,1,1,106,deepspeed,none,bf16,Standard_NC96ads_A100_v4,1.4749317169189453,769682e6-95d9-49e5-a081-8e28ec1516b9,2023-09-29 02:39:44
falcon-7b,1,1,1,1,27,deepspeed,none,bf16,Standard_NC96ads_A100_v4,1.3458442687988281,ccafa1e9-0420-47c1-896c-38bbb178518e,2023-09-29 02:39:46
falcon-7b,1,1,1,1,58,deepspeed,none,bf16,Standard_NC96ads_A100_v4,0.9431638717651367,5f3c212e-6164-4c2a-861e-3e757e255203,2023-09-29 02:39:47
falcon-7b,1,1,1,1,22,deepspeed,none,bf16,Standard_NC96ads_A100_v4,6.341811895370483,0f4406d3-0e10-4115-ba19-5cbde14b528c,2023-09-29 02:39:53
falcon-7b,1,1,1,1,46,deepspeed,none,bf16,Standard_NC96ads_A100_v4,1.5052499771118164,f2670373-eaa8-44f6-bb85-9b660c19c682,2023-09-29 02:39:54
falcon-7b,1,1,1,1,33,deepspeed,none,bf16,Standard_NC96ads_A100_v4,1.2847414016723633,908e4985-e2b5-44de-86bc-d004a90191fb,2023-09-29 02:39:56
falcon-7b,1,1,1,1,32,deepspeed,none,bf16,Standard_NC96ads_A100_v4,1.1073088645935059,2eff3932-ae16-4d47-bdbf-3646e5ec65a5,2023-09-29 02:39:57
falcon-7b,1,1,1,1,35,deepspeed,none,bf16,Standard_NC96ads_A100_v4,6.274551868438721,8006ce74-f43a-4e8a-b9e1-9fcbcb0a7660,2023-09-29 02:40:03
falcon-7b,1,1,1,1,76,deepspeed,none,bf16,Standard_NC96ads_A100_v4,1.2190887928009033,86209b01-8d30-423a-9b68-9464f99b7958,2023-09-29 02:40:04
falcon-7b,1,1,1,1,47,deepspeed,none,bf16,Standard_NC96ads_A100_v4,2.545016050338745,d3528033-9c71-4daf-951a-b60965edfa60,2023-09-29 02:40:07
falcon-7b,1,1,1,1,36,deepspeed,none,bf16,Standard_NC96ads_A100_v4,1.3132655620574951,e3303b33-46ce-40e2-a6a7-d96d3836678b,2023-09-29 02:40:08
falcon-7b,1,1,1,1,48,deepspeed,none,bf16,Standard_NC96ads_A100_v4,1.3444154262542725,494794fc-652a-4f25-9173-a0e3cb1764bc,2023-09-29 02:40:09
falcon-7b,1,1,1,1,106,deepspeed,none,bf16,Standard_NC96ads_A100_v4,0.7032122611999512,3dcf096d-45d6-4342-a767-ad0abded4627,2023-09-29 02:40:10
falcon-7b,1,1,1,1,52,deepspeed,none,bf16,Standard_NC96ads_A100_v4,0.5270380973815918,5122d640-eb47-41ff-a8fc-c850d7da3026,2023-09-29 02:40:11
falcon-7b,1,1,1,1,83,deepspeed,none,bf16,Standard_NC96ads_A100_v4,0.9952647686004639,56f587c5-a822-4f36-a2b2-c00cb441fd2d,2023-09-29 02:40:12
falcon-7b,1,1,1,1,44,deepspeed,none,bf16,Standard_NC96ads_A100_v4,1.1373398303985596,7042b5a5-9b4a-4388-af63-7969cafd5626,2023-09-29 02:40:13
falcon-7b,1,1,1,1,26,deepspeed,none,bf16,Standard_NC96ads_A100_v4,0.70786452293396,0872ad8d-e8b4-4cbf-a36c-bea520b57ffa,2023-09-29 02:40:14
falcon-7b,1,1,1,1,118,deepspeed,none,bf16,Standard_NC96ads_A100_v4,0.9154868125915527,af1e1ada-162b-4fae-9654-8859cd4624b0,2023-09-29 02:40:14
falcon-7b,1,1,1,1,31,deepspeed,none,bf16,Standard_NC96ads_A100_v4,0.5304837226867676,8c236a27-a683-4199-849f-a71b22cb14a4,2023-09-29 02:40:15
falcon-7b,1,1,1,1,58,deepspeed,none,bf16,Standard_NC96ads_A100_v4,1.1666581630706787,71755699-9414-46bb-b823-e6726a698362,2023-09-29 02:40:16
falcon-7b,1,1,1,1,48,deepspeed,none,bf16,Standard_NC96ads_A100_v4,6.174005746841431,229ca8e7-6b63-4f8e-a82f-89b84c2cdcc2,2023-09-29 02:40:22
falcon-7b,1,1,1,1,119,deepspeed,none,bf16,Standard_NC96ads_A100_v4,5.803665399551392,c84be628-4880-43c6-a53b-89f28f3cf0e6,2023-09-29 02:40:28
falcon-7b,1,1,1,1,83,deepspeed,none,bf16,Standard_NC96ads_A100_v4,0.9155676364898682,ece23c51-4939-4909-a140-e3dcc1c3134d,2023-09-29 02:40:29
falcon-7b,1,1,1,1,50,deepspeed,none,bf16,Standard_NC96ads_A100_v4,1.9940104484558105,f2b7442b-52ff-4a94-bc86-375f5d98c070,2023-09-29 02:40:31
falcon-7b,1,2,2,1,455,deepspeed,none,bf16,Standard_NC96ads_A100_v4,0.5896213054656982,6eeca7eb-c9bd-40dd-99db-854f920ab149,2023-09-29 03:00:08
falcon-7b,1,2,2,1,93,deepspeed,none,bf16,Standard_NC96ads_A100_v4,7.018283367156982,585ab4c9-0dd5-4fc9-aa95-e4bf9b221e10,2023-09-29 03:00:15
falcon-7b,1,2,2,1,110,deepspeed,none,bf16,Standard_NC96ads_A100_v4,6.968499660491943,b5eb92bd-28dc-4d02-8508-544fe4cc46f0,2023-09-29 03:00:22
falcon-7b,1,2,2,1,80,deepspeed,none,bf16,Standard_NC96ads_A100_v4,4.629390716552734,b24c67a4-1be3-4867-a871-86a939edc43d,2023-09-29 03:00:27
falcon-7b,1,2,2,1,158,deepspeed,none,bf16,Standard_NC96ads_A100_v4,5.806875705718994,49f332c7-69a4-46ad-9a40-0d514aa37728,2023-09-29 03:00:33
falcon-7b,1,2,2,1,49,deepspeed,none,bf16,Standard_NC96ads_A100_v4,4.596452236175537,61a5f0fa-8007-47b6-9c83-eeebbc3c5d99,2023-09-29 03:00:37
falcon-7b,1,2,2,1,69,deepspeed,none,bf16,Standard_NC96ads_A100_v4,2.2295427322387695,0ea5c505-14a9-49ed-8eb3-8e3958c7e613,2023-09-29 03:00:39
falcon-7b,1,2,2,1,84,deepspeed,none,bf16,Standard_NC96ads_A100_v4,7.239100694656372,9511b596-3924-4d03-a51f-a8298e1fad31,2023-09-29 03:00:47
falcon-7b,1,2,2,1,297,deepspeed,none,bf16,Standard_NC96ads_A100_v4,3.071244955062866,3315571f-3588-4ed2-8513-59c0937523f0,2023-09-29 03:00:50
falcon-7b,1,2,2,1,87,deepspeed,none,bf16,Standard_NC96ads_A100_v4,2.389481544494629,4a71f3cc-9c30-4609-bc9e-628d4c1e6b7d,2023-09-29 03:00:52
falcon-7b,1,2,2,1,348,deepspeed,none,bf16,Standard_NC96ads_A100_v4,4.6516265869140625,4139aa8e-0583-4b21-8c91-544cd7d7fc44,2023-09-29 03:00:57
falcon-7b,1,2,2,1,41,deepspeed,none,bf16,Standard_NC96ads_A100_v4,4.821141242980957,f8848250-4556-444d-97cd-db76b081a7a7,2023-09-29 03:01:02
falcon-7b,1,2,2,1,96,deepspeed,none,bf16,Standard_NC96ads_A100_v4,6.8080735206604,9c262e2f-17b3-4cdf-bd00-7be3d43a386d,2023-09-29 03:01:08
falcon-7b,1,2,2,1,57,deepspeed,none,bf16,Standard_NC96ads_A100_v4,2.3499817848205566,fa721932-896d-4cd4-bbc2-ddf914541284,2023-09-29 03:01:11
falcon-7b,1,2,2,1,82,deepspeed,none,bf16,Standard_NC96ads_A100_v4,5.599658727645874,cac51c7e-e89b-4846-8e5c-419fd687b2cc,2023-09-29 03:01:16
falcon-7b,1,2,2,1,51,deepspeed,none,bf16,Standard_NC96ads_A100_v4,7.52882719039917,97c666fc-f755-4ccd-b336-0dc7a61a62d4,2023-09-29 03:01:24
falcon-7b,1,2,2,1,100,deepspeed,none,bf16,Standard_NC96ads_A100_v4,0.6173834800720215,1c30624e-8a8f-421f-a16f-f2867418848e,2023-09-29 03:01:25
falcon-7b,1,2,2,1,69,deepspeed,none,bf16,Standard_NC96ads_A100_v4,3.5328457355499268,5abbedeb-7d34-4eaa-838d-9e3b41d61e76,2023-09-29 03:01:28
falcon-7b,1,2,2,1,57,deepspeed,none,bf16,Standard_NC96ads_A100_v4,3.0488922595977783,506e8e86-3fb0-48ec-844c-bd6aef27d7d3,2023-09-29 03:01:31
falcon-7b,1,2,2,1,39,deepspeed,none,bf16,Standard_NC96ads_A100_v4,5.892849445343018,d2bc6f70-c2d3-402c-a0d8-3282b776e14b,2023-09-29 03:01:37
falcon-7b,1,2,2,1,34,deepspeed,none,bf16,Standard_NC96ads_A100_v4,2.9692587852478027,b86790e6-0e56-41f9-8c74-eaad08b108d3,2023-09-29 03:01:40
falcon-7b,1,2,2,1,71,deepspeed,none,bf16,Standard_NC96ads_A100_v4,4.2857372760772705,e127f7f8-1b45-4657-8240-cccccf391bbf,2023-09-29 03:01:44
falcon-7b,1,2,2,1,59,deepspeed,none,bf16,Standard_NC96ads_A100_v4,3.6310222148895264,bacd61a9-0f00-4bd1-a034-cce507531944,2023-09-29 03:01:48
falcon-7b,1,2,2,1,95,deepspeed,none,bf16,Standard_NC96ads_A100_v4,6.258427858352661,0b20bb6e-f89d-466b-9a56-7e0defeba404,2023-09-29 03:01:54
falcon-7b,1,2,2,1,145,deepspeed,none,bf16,Standard_NC96ads_A100_v4,0.3699476718902588,162d8dff-b0b4-4d00-816b-bb145513997a,2023-09-29 03:01:55
falcon-7b,1,2,2,1,629,deepspeed,none,bf16,Standard_NC96ads_A100_v4,3.1211609840393066,59049923-4456-4f6d-bd0d-290de39d2f50,2023-09-29 03:01:58
falcon-7b,1,2,2,1,76,deepspeed,none,bf16,Standard_NC96ads_A100_v4,4.21214485168457,92ac9de5-76f9-49dd-a942-425a890d72f9,2023-09-29 03:02:02
falcon-7b,1,2,2,1,117,deepspeed,none,bf16,Standard_NC96ads_A100_v4,0.1395270824432373,021df644-6785-4885-b32b-0c986948e67a,2023-09-29 03:02:02
falcon-7b,1,2,2,1,302,deepspeed,none,bf16,Standard_NC96ads_A100_v4,0.3196256160736084,0c225554-a34b-4b19-9021-c33208beb476,2023-09-29 03:02:02
falcon-7b,1,2,2,1,77,deepspeed,none,bf16,Standard_NC96ads_A100_v4,3.81461238861084,98688db1-3957-493f-8d36-2312dfd8a8bf,2023-09-29 03:02:06
falcon-7b,1,2,2,1,92,deepspeed,none,bf16,Standard_NC96ads_A100_v4,1.2420637607574463,f4db3145-8986-4e1d-b7eb-62173a34d981,2023-09-29 03:02:07
falcon-7b,1,2,2,1,93,deepspeed,none,bf16,Standard_NC96ads_A100_v4,3.2301185131073,2745f0ad-1dcf-4a1b-9748-74e28d7af8a6,2023-09-29 03:02:11
falcon-7b,1,2,2,1,55,deepspeed,none,bf16,Standard_NC96ads_A100_v4,1.9159367084503174,a46b58ab-d404-4aad-bcb3-cb2dc19b6a32,2023-09-29 03:02:13
falcon-7b,1,2,2,1,68,deepspeed,none,bf16,Standard_NC96ads_A100_v4,2.4041852951049805,994bdd1d-46af-421a-9d03-02a27ac4b2cf,2023-09-29 03:02:15
falcon-7b,1,2,2,1,137,deepspeed,none,bf16,Standard_NC96ads_A100_v4,6.3591859340667725,96e24cf2-a96f-4afe-b84c-9f8fb7c2e2fe,2023-09-29 03:02:21
falcon-7b,1,2,2,1,102,deepspeed,none,bf16,Standard_NC96ads_A100_v4,6.8546693325042725,62073e85-9acd-4feb-9eef-5cc376ec6af9,2023-09-29 03:02:28
falcon-7b,1,2,2,1,72,deepspeed,none,bf16,Standard_NC96ads_A100_v4,6.977433443069458,1fe12e75-2a0b-4cd4-84da-0e07c6eea356,2023-09-29 03:02:35
falcon-7b,1,2,2,1,53,deepspeed,none,bf16,Standard_NC96ads_A100_v4,3.3240556716918945,a850df72-0c13-4dcc-ba05-e3ba87c12838,2023-09-29 03:02:38
falcon-7b,1,2,2,1,60,deepspeed,none,bf16,Standard_NC96ads_A100_v4,1.422645092010498,b74fc68c-f23d-490b-b12a-b149aad147b8,2023-09-29 03:02:40
falcon-7b,1,2,2,1,68,deepspeed,none,bf16,Standard_NC96ads_A100_v4,3.063690662384033,f029c61f-1e64-4db5-9f36-bb86eba216bf,2023-09-29 03:02:43
falcon-7b,1,2,2,1,94,deepspeed,none,bf16,Standard_NC96ads_A100_v4,3.2939095497131348,917cc654-2d25-4e05-9d34-1ba4c79cf1d0,2023-09-29 03:02:46
falcon-7b,1,2,2,1,78,deepspeed,none,bf16,Standard_NC96ads_A100_v4,1.4753954410552979,502c10e5-ded2-4c87-b55d-58eb53707d89,2023-09-29 03:02:48
falcon-7b,1,2,2,1,106,deepspeed,none,bf16,Standard_NC96ads_A100_v4,3.5533268451690674,b411a309-500f-4005-8bc8-d04ac45e6a23,2023-09-29 03:02:51
falcon-7b,1,2,2,1,27,deepspeed,none,bf16,Standard_NC96ads_A100_v4,0.5705182552337646,23deaba3-2005-4884-8b39-dbfc5f2f2858,2023-09-29 03:02:52
falcon-7b,1,2,2,1,58,deepspeed,none,bf16,Standard_NC96ads_A100_v4,1.5989453792572021,8e74888b-333f-4708-be23-6e90c168a275,2023-09-29 03:02:53
falcon-7b,1,2,2,1,22,deepspeed,none,bf16,Standard_NC96ads_A100_v4,1.2464990615844727,95b000ad-1acb-4056-a6be-d96aa5582570,2023-09-29 03:02:55
falcon-7b,1,2,2,1,46,deepspeed,none,bf16,Standard_NC96ads_A100_v4,1.9370839595794678,0094abde-564f-4c23-8219-241431515b34,2023-09-29 03:02:57
falcon-7b,1,2,2,1,33,deepspeed,none,bf16,Standard_NC96ads_A100_v4,1.4832215309143066,fc45d855-449d-4a04-a854-dbd36ed36345,2023-09-29 03:02:58
falcon-7b,1,2,2,1,32,deepspeed,none,bf16,Standard_NC96ads_A100_v4,2.3828041553497314,6f5f8793-98ac-4cf4-bce3-a5cfc89b5eb3,2023-09-29 03:03:01
falcon-7b,1,2,2,1,35,deepspeed,none,bf16,Standard_NC96ads_A100_v4,2.1620635986328125,3eb8a5e2-bcf0-4c0f-aa93-2ce43d918241,2023-09-29 03:03:03
falcon-7b,1,2,2,1,76,deepspeed,none,bf16,Standard_NC96ads_A100_v4,0.7925608158111572,50831963-754f-4974-a7fa-f4a684b1ffe7,2023-09-29 03:03:03
falcon-7b,1,2,2,1,47,deepspeed,none,bf16,Standard_NC96ads_A100_v4,2.7263522148132324,4185b7d5-9e04-4c46-b29b-de93e19d5728,2023-09-29 03:03:06
falcon-7b,1,2,2,1,36,deepspeed,none,bf16,Standard_NC96ads_A100_v4,4.271462678909302,b56b27e2-a238-4500-aa26-7058fe30b284,2023-09-29 03:03:10
falcon-7b,1,2,2,1,48,deepspeed,none,bf16,Standard_NC96ads_A100_v4,0.8401713371276855,fba4e001-c088-471a-a916-056ddb808028,2023-09-29 03:03:11
falcon-7b,1,2,2,1,106,deepspeed,none,bf16,Standard_NC96ads_A100_v4,1.096684455871582,c4cc7b58-99e0-4f52-a66c-36031511f8c9,2023-09-29 03:03:12
falcon-7b,1,2,2,1,52,deepspeed,none,bf16,Standard_NC96ads_A100_v4,0.4939894676208496,db7c0592-c089-4ae7-928f-ec9be6bb34ed,2023-09-29 03:03:13
falcon-7b,1,2,2,1,83,deepspeed,none,bf16,Standard_NC96ads_A100_v4,1.6618120670318604,8fdb4bf3-13d1-4a46-89d5-fffd2d2ce0e6,2023-09-29 03:03:15
falcon-7b,1,2,2,1,44,deepspeed,none,bf16,Standard_NC96ads_A100_v4,2.1238436698913574,3b72243a-a1e8-45cd-8339-4b0600c27dd7,2023-09-29 03:03:17
falcon-7b,1,2,2,1,26,deepspeed,none,bf16,Standard_NC96ads_A100_v4,1.6463167667388916,08ec4a6e-b605-47d6-9954-cc9ad1a8ab5d,2023-09-29 03:03:18
falcon-7b,1,2,2,1,118,deepspeed,none,bf16,Standard_NC96ads_A100_v4,0.9299583435058594,6b17d7e0-d783-4d17-ab0b-dcc5f7fee3ff,2023-09-29 03:03:19
falcon-7b,1,2,2,1,31,deepspeed,none,bf16,Standard_NC96ads_A100_v4,1.0657105445861816,6b72279a-56a0-4377-b74d-878f6989d23a,2023-09-29 03:03:20
falcon-7b,1,2,2,1,58,deepspeed,none,bf16,Standard_NC96ads_A100_v4,1.621018648147583,3ceb10c5-b10c-4888-b2be-b8072cb2cbf2,2023-09-29 03:03:22
falcon-7b,1,2,2,1,48,deepspeed,none,bf16,Standard_NC96ads_A100_v4,2.025301218032837,3ab8be0b-e3ed-4405-adc9-9337cd79caa8,2023-09-29 03:03:24
falcon-7b,1,2,2,1,119,deepspeed,none,bf16,Standard_NC96ads_A100_v4,1.6734168529510498,dcc93087-8986-406a-b06c-136a152c1310,2023-09-29 03:03:26
falcon-7b,1,2,2,1,83,deepspeed,none,bf16,Standard_NC96ads_A100_v4,2.1483170986175537,2ed6278c-bd89-4f6d-ad2f-4462547c05ea,2023-09-29 03:03:28
falcon-7b,1,2,2,1,50,deepspeed,none,bf16,Standard_NC96ads_A100_v4,0.89143967628479,6fb5bf5a-e072-4c47-93d8-8ef40204dcb3,2023-09-29 03:03:29
falcon-7b,1,2,2,1,12,deepspeed,none,bf16,Standard_NC96ads_A100_v4,3.835930585861206,29c166b1-056b-46b0-bba6-913cf9903730,2023-09-29 03:00:11
falcon-7b,1,2,2,1,88,deepspeed,none,bf16,Standard_NC96ads_A100_v4,1.4507079124450684,2ff3ae6a-f430-4ece-81de-c17a59616ff9,2023-09-29 03:00:13
falcon-7b,1,2,2,1,131,deepspeed,none,bf16,Standard_NC96ads_A100_v4,2.2997870445251465,ed50ab81-6efb-4f04-aaff-a3eb2f549b05,2023-09-29 03:00:15
falcon-7b,1,2,2,1,128,deepspeed,none,bf16,Standard_NC96ads_A100_v4,6.433774709701538,1be15ebb-b2a6-47e1-8be4-f160be0bea43,2023-09-29 03:00:22
falcon-7b,1,2,2,1,91,deepspeed,none,bf16,Standard_NC96ads_A100_v4,7.263188362121582,1301afc1-fbd3-49e0-a912-f4e39e818b29,2023-09-29 03:00:29
falcon-7b,1,2,2,1,137,deepspeed,none,bf16,Standard_NC96ads_A100_v4,7.107050180435181,cc7f83f3-7eb9-457b-8723-a80d7e43351f,2023-09-29 03:00:36
falcon-7b,1,2,2,1,122,deepspeed,none,bf16,Standard_NC96ads_A100_v4,4.055199384689331,f7b0fb63-f443-4009-8284-30cde0f88e88,2023-09-29 03:00:40
falcon-7b,1,2,2,1,59,deepspeed,none,bf16,Standard_NC96ads_A100_v4,1.3146264553070068,b6447c0e-390c-4f8b-9013-31aca021a297,2023-09-29 03:00:41
falcon-7b,1,2,2,1,85,deepspeed,none,bf16,Standard_NC96ads_A100_v4,4.138060092926025,4d15a3dd-c499-4df3-aa8d-521b1bb775e5,2023-09-29 03:00:46
falcon-7b,1,2,2,1,96,deepspeed,none,bf16,Standard_NC96ads_A100_v4,7.191304922103882,3cebebf9-5d91-4b25-bd04-02d8ea6670b7,2023-09-29 03:00:53
falcon-7b,1,2,2,1,68,deepspeed,none,bf16,Standard_NC96ads_A100_v4,5.471428155899048,1ffb015b-2de5-44a6-8a93-965f488983f7,2023-09-29 03:00:58
falcon-7b,1,2,2,1,82,deepspeed,none,bf16,Standard_NC96ads_A100_v4,4.179668664932251,718012c2-be87-4e7a-aa26-e07b66569089,2023-09-29 03:01:02
falcon-7b,1,2,2,1,75,deepspeed,none,bf16,Standard_NC96ads_A100_v4,0.9665558338165283,c968edf2-0a13-4c52-8058-5c1603edac5b,2023-09-29 03:01:03
falcon-7b,1,2,2,1,96,deepspeed,none,bf16,Standard_NC96ads_A100_v4,7.52982234954834,4a489884-d563-4e63-ac70-13c61b29d5eb,2023-09-29 03:01:11
falcon-7b,1,2,2,1,98,deepspeed,none,bf16,Standard_NC96ads_A100_v4,6.977525949478149,9a76ebf2-2b62-4fb1-a16d-27e117c60fd6,2023-09-29 03:01:18
falcon-7b,1,2,2,1,123,deepspeed,none,bf16,Standard_NC96ads_A100_v4,0.8639442920684814,ef6fd0ab-0ea0-4af6-8a32-1c31423f118b,2023-09-29 03:01:19
falcon-7b,1,2,2,1,87,deepspeed,none,bf16,Standard_NC96ads_A100_v4,7.420873403549194,dfca44c2-6637-44da-90a2-620e2bb08e02,2023-09-29 03:01:26
falcon-7b,1,2,2,1,28,deepspeed,none,bf16,Standard_NC96ads_A100_v4,3.9547042846679688,bd8dc3e6-5c0b-42ff-b4ad-d0437b5f42ed,2023-09-29 03:01:30
falcon-7b,1,2,2,1,52,deepspeed,none,bf16,Standard_NC96ads_A100_v4,3.5089237689971924,1ebbb4de-5997-4846-ab89-ecb8e2ab03dd,2023-09-29 03:01:34
falcon-7b,1,2,2,1,294,deepspeed,none,bf16,Standard_NC96ads_A100_v4,5.506098985671997,1208bd0f-5f6f-4026-80ed-8fde733d3428,2023-09-29 03:01:39
falcon-7b,1,2,2,1,55,deepspeed,none,bf16,Standard_NC96ads_A100_v4,3.335306167602539,207aa63d-43a5-4334-89d7-f504ee101782,2023-09-29 03:01:42
falcon-7b,1,2,2,1,111,deepspeed,none,bf16,Standard_NC96ads_A100_v4,4.497085809707642,27e6e810-cab9-4cb5-9603-818ad3dccf3e,2023-09-29 03:01:47
falcon-7b,1,2,2,1,27,deepspeed,none,bf16,Standard_NC96ads_A100_v4,7.343226671218872,d9103915-e4ab-4392-8b93-5b11d8c325c2,2023-09-29 03:01:54
falcon-7b,1,2,2,1,141,deepspeed,none,bf16,Standard_NC96ads_A100_v4,2.4983301162719727,d182aad2-b94f-42f3-9bd0-040fb02ae052,2023-09-29 03:01:57
falcon-7b,1,2,2,1,127,deepspeed,none,bf16,Standard_NC96ads_A100_v4,3.5903239250183105,5c84cb0e-4ce0-431a-82c2-983d6b3ad557,2023-09-29 03:02:00
falcon-7b,1,2,2,1,79,deepspeed,none,bf16,Standard_NC96ads_A100_v4,1.0953121185302734,cb86bee1-9c3c-4fc4-86cc-b5a53b7eb0ca,2023-09-29 03:02:01
falcon-7b,1,2,2,1,133,deepspeed,none,bf16,Standard_NC96ads_A100_v4,6.800111293792725,e4aebf3c-d9b3-4a8d-9c6f-a72f825599eb,2023-09-29 03:02:08
falcon-7b,1,2,2,1,147,deepspeed,none,bf16,Standard_NC96ads_A100_v4,6.611961603164673,b2f79ec0-6038-4cbc-b64f-ddc03d10c81a,2023-09-29 03:02:15
falcon-7b,1,2,2,1,84,deepspeed,none,bf16,Standard_NC96ads_A100_v4,6.940977573394775,e2664ae5-4cdd-4119-b625-8b05b57de4a7,2023-09-29 03:02:22
falcon-7b,1,2,2,1,245,deepspeed,none,bf16,Standard_NC96ads_A100_v4,5.773935079574585,0d6a507c-be39-4665-8ea3-0b71bdea4667,2023-09-29 03:02:28
falcon-7b,1,2,2,1,39,deepspeed,none,bf16,Standard_NC96ads_A100_v4,2.4392809867858887,b00a9459-77c9-4fdd-8fd1-561885ea99f3,2023-09-29 03:02:30
falcon-7b,1,2,2,1,56,deepspeed,none,bf16,Standard_NC96ads_A100_v4,7.800215721130371,41cee5de-d53b-469e-97a0-7712094d1da8,2023-09-29 03:02:38
falcon-7b,1,2,2,1,206,deepspeed,none,bf16,Standard_NC96ads_A100_v4,5.8520348072052,2dd1f077-e431-40fe-ad27-a46ef8b370a4,2023-09-29 03:02:44
falcon-7b,1,2,2,1,369,deepspeed,none,bf16,Standard_NC96ads_A100_v4,4.359964370727539,262d4039-a963-4f59-aa1e-ae1e89530ed1,2023-09-29 03:02:48
falcon-7b,1,2,2,1,710,deepspeed,none,bf16,Standard_NC96ads_A100_v4,0.7206323146820068,579c3bf9-5f22-43e6-86d4-448c5ae79942,2023-09-29 03:02:49
falcon-7b,1,2,2,1,274,deepspeed,none,bf16,Standard_NC96ads_A100_v4,5.861938238143921,3af7fd6e-b548-4426-9c4e-2c2876f8fb73,2023-09-29 03:02:55
falcon-7b,1,2,2,1,26,deepspeed,none,bf16,Standard_NC96ads_A100_v4,1.2554032802581787,9841d9ca-72f2-489a-9da0-6b9fb0032b4a,2023-09-29 03:02:56
falcon-7b,1,2,2,1,188,deepspeed,none,bf16,Standard_NC96ads_A100_v4,6.2354958057403564,60baefac-6d2c-4bcc-91e9-f1c7da8f3bd5,2023-09-29 03:03:02
falcon-7b,1,2,2,1,48,deepspeed,none,bf16,Standard_NC96ads_A100_v4,6.9958648681640625,08f3a2a0-58f5-430e-a386-243a93bd70f3,2023-09-29 03:03:09
falcon-7b,1,2,2,1,66,deepspeed,none,bf16,Standard_NC96ads_A100_v4,7.175540924072266,5a060d04-5558-45e1-8e21-078d70cc23f6,2023-09-29 03:03:16
falcon-7b,1,2,2,1,54,deepspeed,none,bf16,Standard_NC96ads_A100_v4,5.538530349731445,e50069fb-47d7-485b-8d78-cf419a8ad924,2023-09-29 03:03:22
falcon-7b,1,2,2,1,72,deepspeed,none,bf16,Standard_NC96ads_A100_v4,5.324723482131958,192d58ef-dc59-4df5-b727-12f7f7408982,2023-09-29 03:03:27
falcon-7b,1,2,2,1,84,deepspeed,none,bf16,Standard_NC96ads_A100_v4,4.074326038360596,1b347fc1-cbc3-4c28-91f6-21b514243d4d,2023-09-29 03:03:31
falcon-7b,1,2,2,1,45,deepspeed,none,bf16,Standard_NC96ads_A100_v4,0.92952561378479,7f0c42c2-1267-406f-a9e2-b1762bd8d146,2023-09-29 03:03:32
falcon-7b,1,2,2,1,201,deepspeed,none,bf16,Standard_NC96ads_A100_v4,1.4042856693267822,f6acbfb2-8360-43a6-9c0b-6f099134844b,2023-09-29 03:03:34
falcon-7b,1,2,2,1,151,deepspeed,none,bf16,Standard_NC96ads_A100_v4,5.630524635314941,334e257d-2023-424c-8e23-32e7ba97e581,2023-09-29 03:03:39
falcon-7b,1,2,2,1,85,deepspeed,none,bf16,Standard_NC96ads_A100_v4,2.890723466873169,74f4b8e0-88b1-4dee-afa1-f3b426b94bfd,2023-09-29 03:03:42
falcon-7b,1,2,2,1,86,deepspeed,none,bf16,Standard_NC96ads_A100_v4,4.677766561508179,a8f26ec7-224b-4982-9de6-9f512862d183,2023-09-29 03:03:47
falcon-7b,1,2,2,1,247,deepspeed,none,bf16,Standard_NC96ads_A100_v4,3.7311036586761475,4e2903ee-3d8e-4059-a5e8-c35e237c28e1,2023-09-29 03:03:51
falcon-7b,1,2,2,1,104,deepspeed,none,bf16,Standard_NC96ads_A100_v4,5.792245388031006,f4f9cffb-68c7-42db-87fc-3715b1318031,2023-09-29 03:03:56
falcon-7b,1,2,2,1,35,deepspeed,none,bf16,Standard_NC96ads_A100_v4,2.036628484725952,c4144139-9b99-4909-9d20-498c1c939902,2023-09-29 03:03:58
falcon-7b,1,2,2,1,48,deepspeed,none,bf16,Standard_NC96ads_A100_v4,1.6315600872039795,adc70f0b-5afe-4d0d-9b81-a88c73d444d8,2023-09-29 03:04:00
falcon-7b,1,2,2,1,98,deepspeed,none,bf16,Standard_NC96ads_A100_v4,4.612975358963013,e605db87-b297-4b25-9439-93142a64f9d3,2023-09-29 03:04:05
falcon-7b,1,2,2,1,171,deepspeed,none,bf16,Standard_NC96ads_A100_v4,5.7464823722839355,18c36172-0f4c-4197-b33f-306c9d4b02e7,2023-09-29 03:04:10
falcon-7b,1,2,2,1,40,deepspeed,none,bf16,Standard_NC96ads_A100_v4,0.6648802757263184,d85d6c6d-8698-4b93-a783-f15e04a115af,2023-09-29 03:04:11
falcon-7b,1,2,2,1,75,deepspeed,none,bf16,Standard_NC96ads_A100_v4,2.898562431335449,2fcda27a-7686-40e4-9bff-0e8a8627b37b,2023-09-29 03:04:14
falcon-7b,1,2,2,1,557,deepspeed,none,bf16,Standard_NC96ads_A100_v4,2.9625308513641357,a611d1ec-da48-498b-8d17-d48b261d6c43,2023-09-29 03:04:17
falcon-7b,1,2,2,1,406,deepspeed,none,bf16,Standard_NC96ads_A100_v4,4.129063129425049,f8b7f8d4-5702-41e5-ac16-e8f85d03d801,2023-09-29 03:04:21
falcon-7b,1,2,2,1,132,deepspeed,none,bf16,Standard_NC96ads_A100_v4,6.245551824569702,52720f37-06c1-45f3-8208-0d8c3bea271b,2023-09-29 03:04:27
falcon-7b,1,2,2,1,114,deepspeed,none,bf16,Standard_NC96ads_A100_v4,6.179229736328125,bdf16edd-3bbe-48f3-a134-d1241c5985cb,2023-09-29 03:04:33
falcon-7b,1,2,2,1,65,deepspeed,none,bf16,Standard_NC96ads_A100_v4,6.3892951011657715,5e93eedd-2993-440c-9641-091f51b6daa3,2023-09-29 03:04:40
falcon-7b,1,2,2,1,115,deepspeed,none,bf16,Standard_NC96ads_A100_v4,6.404752254486084,4872b9fd-7438-4ad3-8b4f-63a383819c65,2023-09-29 03:04:46
falcon-7b,1,2,2,1,98,deepspeed,none,bf16,Standard_NC96ads_A100_v4,5.487208366394043,23ac65c7-c9b0-4de7-ac7a-5164c0b3ea7f,2023-09-29 03:04:52
falcon-7b,1,2,2,1,134,deepspeed,none,bf16,Standard_NC96ads_A100_v4,6.257024526596069,efb7a6e3-198c-4ffd-8c12-bc6d57677bf1,2023-09-29 03:04:58
falcon-7b,1,2,2,1,82,deepspeed,none,bf16,Standard_NC96ads_A100_v4,2.493293046951294,42a25bb5-ad6a-4f1d-b927-1b37fab4ef28,2023-09-29 03:05:00
falcon-7b,1,2,2,1,48,deepspeed,none,bf16,Standard_NC96ads_A100_v4,4.750939607620239,60b6c401-b7e2-4bbb-915b-1e9ae7e2b39d,2023-09-29 03:05:05
falcon-7b,1,2,2,1,62,deepspeed,none,bf16,Standard_NC96ads_A100_v4,2.443256378173828,8d197868-89d8-40f4-9293-7bfa40355ddb,2023-09-29 03:05:08
falcon-40b,1,1,4,1,12,deepspeed,none,bf16,Standard_NC96ads_A100_v4,17.564911603927612,a1c8e7cb-72ca-454d-8e63-74be99026cfe,2023-09-29 22:32:04
falcon-40b,1,1,4,1,88,deepspeed,none,bf16,Standard_NC96ads_A100_v4,19.27959132194519,3f682bda-d5b0-44d9-a114-c7c346a65e0b,2023-09-29 22:32:23
falcon-40b,1,1,4,1,131,deepspeed,none,bf16,Standard_NC96ads_A100_v4,3.382910251617432,2962ba97-2e94-482d-b29e-87ab0060660c,2023-09-29 22:32:26
falcon-40b,1,1,4,1,128,deepspeed,none,bf16,Standard_NC96ads_A100_v4,17.75613260269165,35bb7815-1eb6-4fe2-a93d-49141b4c8b97,2023-09-29 22:32:44
falcon-40b,1,1,4,1,91,deepspeed,none,bf16,Standard_NC96ads_A100_v4,15.168766975402832,39fee847-7a1f-4dc2-8d05-524561264165,2023-09-29 22:32:59
falcon-40b,1,1,4,1,137,deepspeed,none,bf16,Standard_NC96ads_A100_v4,18.344554901123047,c75173b2-b9fb-4e02-9efb-36043c782da3,2023-09-29 22:33:18
falcon-40b,1,1,4,1,122,deepspeed,none,bf16,Standard_NC96ads_A100_v4,18.42666745185852,1db5b94c-0a0c-4d1b-8d11-951d0d721305,2023-09-29 22:33:36
falcon-40b,1,1,4,1,59,deepspeed,none,bf16,Standard_NC96ads_A100_v4,5.050310850143433,1125cf59-9eeb-4a8c-9376-83e41417e538,2023-09-29 22:33:41
falcon-40b,1,1,4,1,85,deepspeed,none,bf16,Standard_NC96ads_A100_v4,6.665524244308472,ab2467b5-6539-4141-bbc5-040462b3f14c,2023-09-29 22:33:48
falcon-40b,1,1,4,1,96,deepspeed,none,bf16,Standard_NC96ads_A100_v4,14.214591264724731,df98470e-1b42-456d-b85e-03f9581a0f83,2023-09-29 22:34:02
falcon-40b,1,1,4,1,68,deepspeed,none,bf16,Standard_NC96ads_A100_v4,19.62894916534424,d7e16096-f87b-41ba-9d74-a5e19dd54afe,2023-09-29 22:34:22
falcon-40b,1,1,4,1,82,deepspeed,none,bf16,Standard_NC96ads_A100_v4,4.862261533737183,ca922465-98cd-4b08-926c-ea74bf1e9456,2023-09-29 22:34:26
falcon-40b,1,1,4,1,75,deepspeed,none,bf16,Standard_NC96ads_A100_v4,2.380835056304932,d6819bd0-9d3c-41ec-8bfa-a81a6b81e712,2023-09-29 22:34:29
falcon-40b,1,1,4,1,96,deepspeed,none,bf16,Standard_NC96ads_A100_v4,19.452956199646,e39d07d4-4c1d-4619-a4fa-98a3eefcf2e5,2023-09-29 22:34:48
falcon-40b,1,1,4,1,98,deepspeed,none,bf16,Standard_NC96ads_A100_v4,19.17274308204651,d84082c0-4cae-42ac-9cdb-212c03a88681,2023-09-29 22:35:07
falcon-40b,1,1,4,1,123,deepspeed,none,bf16,Standard_NC96ads_A100_v4,0.978822946548462,101f1646-6a4c-4b89-8ec9-d5de0f6f3515,2023-09-29 22:35:08
falcon-40b,1,1,4,1,87,deepspeed,none,bf16,Standard_NC96ads_A100_v4,9.790013551712036,7e8b1805-b527-4f6a-ab9a-214854e10d97,2023-09-29 22:35:18
falcon-40b,1,1,4,1,28,deepspeed,none,bf16,Standard_NC96ads_A100_v4,20.276235818862915,24d5e267-1804-44c7-a8c8-ce176aa1cc4f,2023-09-29 22:35:39
falcon-40b,1,1,4,1,52,deepspeed,none,bf16,Standard_NC96ads_A100_v4,9.049335479736328,49e10214-16eb-405d-8dc0-9143e5d026c0,2023-09-29 22:35:48
falcon-40b,1,1,4,1,294,deepspeed,none,bf16,Standard_NC96ads_A100_v4,14.474551439285278,6697fbf6-642f-4e29-b4a9-0f0f967b2fb2,2023-09-29 22:36:02
falcon-40b,1,1,4,1,55,deepspeed,none,bf16,Standard_NC96ads_A100_v4,10.75980830192566,775b8036-27b2-48ce-b059-e360df92d27f,2023-09-29 22:36:13
falcon-40b,1,1,4,1,111,deepspeed,none,bf16,Standard_NC96ads_A100_v4,18.977447032928467,d58bc922-6891-4dfb-87ae-91715fdb8185,2023-09-29 22:36:32
falcon-40b,1,1,4,1,27,deepspeed,none,bf16,Standard_NC96ads_A100_v4,11.30452036857605,9224d717-c367-413a-8703-e5bd7311710b,2023-09-29 22:36:43
falcon-40b,1,1,4,1,141,deepspeed,none,bf16,Standard_NC96ads_A100_v4,5.511171579360962,cf9c33d1-b560-4ef1-a580-cc69dcb154b8,2023-09-29 22:36:49
falcon-40b,1,1,4,1,127,deepspeed,none,bf16,Standard_NC96ads_A100_v4,14.686032056808472,465137b4-eace-4838-b550-7fa772f826af,2023-09-29 22:37:03
falcon-40b,1,1,4,1,79,deepspeed,none,bf16,Standard_NC96ads_A100_v4,7.642287492752075,38916349-fe51-43b7-bcdc-13d11057e0a2,2023-09-29 22:37:11
falcon-40b,1,1,4,1,133,deepspeed,none,bf16,Standard_NC96ads_A100_v4,18.424102783203125,3715a0d3-9751-481c-b8ed-9add72b55805,2023-09-29 22:37:29
falcon-40b,1,1,4,1,147,deepspeed,none,bf16,Standard_NC96ads_A100_v4,17.945219039916992,6e87c76b-f0b4-481f-8433-cc62b2e6e2d1,2023-09-29 22:37:47
falcon-40b,1,1,4,1,84,deepspeed,none,bf16,Standard_NC96ads_A100_v4,18.98608160018921,928d3295-d3c0-4435-8da3-2ba7776734f2,2023-09-29 22:38:06
falcon-40b,1,1,4,1,245,deepspeed,none,bf16,Standard_NC96ads_A100_v4,15.894968032836914,4dcf536f-126b-48d2-a317-4f122238d97b,2023-09-29 22:38:22
falcon-40b,1,1,4,1,39,deepspeed,none,bf16,Standard_NC96ads_A100_v4,20.199050903320312,a1d0bdd1-003a-401b-80de-6c122f37ce91,2023-09-29 22:38:42
falcon-40b,1,1,4,1,56,deepspeed,none,bf16,Standard_NC96ads_A100_v4,19.91983938217163,9d1ea052-adbc-4a92-b7e0-40e722e74927,2023-09-29 22:39:02
falcon-40b,1,1,4,1,206,deepspeed,none,bf16,Standard_NC96ads_A100_v4,15.780875444412231,fe134fd5-f91d-401e-ae5b-aca8c2dc188b,2023-09-29 22:39:18
falcon-40b,1,1,4,1,369,deepspeed,none,bf16,Standard_NC96ads_A100_v4,11.596587657928469,e34f5328-51c4-4092-bef8-9a1b7dfcd788,2023-09-29 22:39:30
falcon-40b,1,1,4,1,710,deepspeed,none,bf16,Standard_NC96ads_A100_v4,1.8686792850494385,cf1e2f48-b852-4caa-ae65-c91a3a8f7c79,2023-09-29 22:39:32
falcon-40b,1,1,4,1,274,deepspeed,none,bf16,Standard_NC96ads_A100_v4,15.677697896957396,e9752cb3-30b5-4f2a-a560-38e089dd142b,2023-09-29 22:39:47
falcon-40b,1,1,4,1,26,deepspeed,none,bf16,Standard_NC96ads_A100_v4,3.616267681121826,0ae4f797-0aae-40dd-bf65-3f821f279f11,2023-09-29 22:39:51
falcon-40b,1,1,4,1,188,deepspeed,none,bf16,Standard_NC96ads_A100_v4,16.968446969985962,ab97fa88-233b-42b7-9d73-46c12adfd107,2023-09-29 22:40:08
falcon-40b,1,1,4,1,48,deepspeed,none,bf16,Standard_NC96ads_A100_v4,5.126906156539917,722107f4-9fd6-4694-8151-039397d2a53b,2023-09-29 22:40:13
falcon-40b,1,1,4,1,66,deepspeed,none,bf16,Standard_NC96ads_A100_v4,19.44970941543579,fad4e711-9550-4bd6-956a-91ff510d0dc9,2023-09-29 22:40:32
falcon-40b,1,1,4,1,54,deepspeed,none,bf16,Standard_NC96ads_A100_v4,6.149831533432007,93c7a735-3ac5-4840-8d6f-4261d2b1d538,2023-09-29 22:40:39
falcon-40b,1,1,4,1,72,deepspeed,none,bf16,Standard_NC96ads_A100_v4,12.814502239227297,a93e3cab-5fcc-40f7-904c-6875ef31af46,2023-09-29 22:40:51
falcon-40b,1,1,4,1,84,deepspeed,none,bf16,Standard_NC96ads_A100_v4,10.596420049667358,60379b47-8ee1-4f22-9b0d-6a2f32e89c5b,2023-09-29 22:41:02
falcon-40b,1,1,4,1,45,deepspeed,none,bf16,Standard_NC96ads_A100_v4,5.633118152618408,5e0c0ac1-0e96-4d5b-9bd4-7e3d7d6f7904,2023-09-29 22:41:08
falcon-40b,1,1,4,1,201,deepspeed,none,bf16,Standard_NC96ads_A100_v4,17.077868223190308,c06a1175-c4cc-4b71-a6ee-35cc60bfcefc,2023-09-29 22:41:25
falcon-40b,1,1,4,1,151,deepspeed,none,bf16,Standard_NC96ads_A100_v4,16.875786304473877,17e7ea27-979e-4381-b4e3-6225d24ce3b4,2023-09-29 22:41:42
falcon-40b,1,1,4,1,85,deepspeed,none,bf16,Standard_NC96ads_A100_v4,19.360392332077023,bda11b31-3dd6-48cb-8949-1d2e88a6bfe7,2023-09-29 22:42:01
falcon-40b,1,1,4,1,86,deepspeed,none,bf16,Standard_NC96ads_A100_v4,16.095481872558594,6f4331c3-953c-4e14-89fb-2f4e4373794a,2023-09-29 22:42:17
falcon-40b,1,1,4,1,247,deepspeed,none,bf16,Standard_NC96ads_A100_v4,15.289555311203005,371e8627-343a-4a25-b915-f5871ed9a36f,2023-09-29 22:42:32
falcon-40b,1,1,4,1,104,deepspeed,none,bf16,Standard_NC96ads_A100_v4,18.98155617713928,73db827e-53dd-4c8e-a2f3-6e6816b0d559,2023-09-29 22:42:51
falcon-40b,1,1,4,1,35,deepspeed,none,bf16,Standard_NC96ads_A100_v4,10.250239849090576,72088bbf-7a0a-41cc-9f14-bdb58101270f,2023-09-29 22:43:02
falcon-40b,1,1,4,1,48,deepspeed,none,bf16,Standard_NC96ads_A100_v4,18.89271640777588,78e93465-03d0-4ca2-90f8-29d0f5ee8fb9,2023-09-29 22:43:20
falcon-40b,1,1,4,1,98,deepspeed,none,bf16,Standard_NC96ads_A100_v4,10.55687928199768,7f2306ba-e2bf-4601-aaba-bba84e6027c3,2023-09-29 22:43:31
falcon-40b,1,1,4,1,171,deepspeed,none,bf16,Standard_NC96ads_A100_v4,17.268290042877197,94776e3f-f841-4ffc-9d0f-38378cffb307,2023-09-29 22:43:48
falcon-40b,1,1,4,1,40,deepspeed,none,bf16,Standard_NC96ads_A100_v4,1.594752550125122,7149a815-9444-4746-b033-b916ec2ad168,2023-09-29 22:43:50
falcon-40b,1,1,4,1,75,deepspeed,none,bf16,Standard_NC96ads_A100_v4,2.0894992351531982,4ced8306-a2df-4a8a-8c83-f106472d7709,2023-09-29 22:43:52
falcon-40b,1,1,4,1,557,deepspeed,none,bf16,Standard_NC96ads_A100_v4,8.543204069137573,ea5859f2-2c6b-4d97-acf8-3cd7f7ac26fb,2023-09-29 22:44:00
falcon-40b,1,1,4,1,406,deepspeed,none,bf16,Standard_NC96ads_A100_v4,12.210635900497437,d476f6e1-bfd4-4d1e-bb19-4b26c694debc,2023-09-29 22:44:13
falcon-40b,1,1,4,1,132,deepspeed,none,bf16,Standard_NC96ads_A100_v4,5.66481614112854,6f1c98b4-0f8d-4af2-9f57-2e053df47dbe,2023-09-29 22:44:18
falcon-40b,1,1,4,1,114,deepspeed,none,bf16,Standard_NC96ads_A100_v4,7.751328706741333,f8ff5649-5d73-4039-9c81-f3500819d05a,2023-09-29 22:44:26
falcon-40b,1,1,4,1,65,deepspeed,none,bf16,Standard_NC96ads_A100_v4,19.632797956466675,7df81417-6831-42b0-9908-823d125dc172,2023-09-29 22:44:46
falcon-40b,1,1,4,1,115,deepspeed,none,bf16,Standard_NC96ads_A100_v4,19.06607151031494,646d8561-497d-43a7-b8d0-0e6d2dde3bc9,2023-09-29 22:45:05
falcon-40b,1,1,4,1,98,deepspeed,none,bf16,Standard_NC96ads_A100_v4,3.582174062728882,0960b0e6-020b-4f01-8bbd-796bf0f9b20a,2023-09-29 22:45:08
falcon-40b,1,1,4,1,134,deepspeed,none,bf16,Standard_NC96ads_A100_v4,18.59139943122864,33b3a2d6-29a9-49cc-b7f1-97895bd59d94,2023-09-29 22:45:27
falcon-40b,1,1,4,1,82,deepspeed,none,bf16,Standard_NC96ads_A100_v4,6.009400606155396,970fafab-1db8-44d0-b828-5434946b18ba,2023-09-29 22:45:33
falcon-40b,1,1,4,1,48,deepspeed,none,bf16,Standard_NC96ads_A100_v4,7.513676404953003,f976a616-a525-4904-8a3a-c8a88c831c40,2023-09-29 22:45:41
falcon-40b,1,1,4,1,62,deepspeed,none,bf16,Standard_NC96ads_A100_v4,19.542361974716187,0216859d-12ae-4f37-ac42-9577b9cab935,2023-09-29 22:46:00
falcon-40b,1,1,4,1,455,deepspeed,none,bf16,Standard_NC96ads_A100_v4,0.1131584644317627,6f3e62d2-9366-4fd5-8faa-fd5183c32e9d,2023-09-29 22:46:00
falcon-40b,1,1,4,1,93,deepspeed,none,bf16,Standard_NC96ads_A100_v4,18.99465322494507,3620e0da-378f-44ed-a2b8-b83d1f1464d0,2023-09-29 22:46:19
falcon-40b,1,1,4,1,110,deepspeed,none,bf16,Standard_NC96ads_A100_v4,18.884564638137817,332f0175-4757-4a3d-bab3-1a5743e08b3c,2023-09-29 22:46:38
falcon-40b,1,1,4,1,80,deepspeed,none,bf16,Standard_NC96ads_A100_v4,19.158737421035767,dac8d9e8-bc45-47ac-9237-b4b25834bf38,2023-09-29 22:46:57
falcon-40b,1,1,4,1,158,deepspeed,none,bf16,Standard_NC96ads_A100_v4,10.167925834655762,07038249-e80c-4d31-a24b-cfd51c3e778d,2023-09-29 22:47:07
falcon-40b,1,1,4,1,49,deepspeed,none,bf16,Standard_NC96ads_A100_v4,12.17218565940857,d9d588cb-90d7-4339-bed3-84c70b17cc4f,2023-09-29 22:47:20
falcon-40b,1,1,4,1,69,deepspeed,none,bf16,Standard_NC96ads_A100_v4,17.473427057266235,d8f32f91-8f54-4285-9d42-0ba31ffb93a9,2023-09-29 22:47:37
falcon-40b,1,1,4,1,84,deepspeed,none,bf16,Standard_NC96ads_A100_v4,8.378284215927124,be0641dd-5412-4a21-878e-5ad155f79c78,2023-09-29 22:47:45
falcon-40b,1,1,4,1,297,deepspeed,none,bf16,Standard_NC96ads_A100_v4,10.696873426437378,1a8250d1-3dfb-4210-a041-55ab92cffae2,2023-09-29 22:47:56
falcon-40b,1,1,4,1,87,deepspeed,none,bf16,Standard_NC96ads_A100_v4,8.431675434112549,98c98518-f915-4b1f-bf91-f3f2eeff761e,2023-09-29 22:48:05
falcon-40b,1,1,4,1,348,deepspeed,none,bf16,Standard_NC96ads_A100_v4,12.120439767837524,0a145308-fb88-47a6-b575-62a1fce7999c,2023-09-29 22:48:17
falcon-40b,1,1,4,1,41,deepspeed,none,bf16,Standard_NC96ads_A100_v4,7.470588207244873,1f480cfc-3986-4b59-8cd7-a29760b1171e,2023-09-29 22:48:24
falcon-40b,1,1,4,1,96,deepspeed,none,bf16,Standard_NC96ads_A100_v4,18.881754159927368,e6af5935-5521-43c1-9f74-041bfebb6316,2023-09-29 22:48:43
falcon-40b,1,1,4,1,57,deepspeed,none,bf16,Standard_NC96ads_A100_v4,19.63797235488892,53cbfbe3-863a-45a0-a9bd-98a01c68c2a0,2023-09-29 22:49:03
falcon-40b,1,1,4,1,82,deepspeed,none,bf16,Standard_NC96ads_A100_v4,16.999879598617554,a8a5ca1e-8bfd-45b8-92b5-b126f811c27e,2023-09-29 22:49:20
falcon-40b,1,1,4,1,51,deepspeed,none,bf16,Standard_NC96ads_A100_v4,10.634304285049438,ceb06e23-cedf-4e08-9595-621eedce027c,2023-09-29 22:49:30
falcon-40b,1,1,4,1,100,deepspeed,none,bf16,Standard_NC96ads_A100_v4,2.221632957458496,2126112b-057a-4976-a2fa-4531328a538f,2023-09-29 22:49:32
falcon-40b,1,1,4,1,69,deepspeed,none,bf16,Standard_NC96ads_A100_v4,19.260230541229248,4f1583c3-e5bc-4fc7-b4cc-337d73fb2a92,2023-09-29 22:49:52
falcon-40b,1,1,4,1,57,deepspeed,none,bf16,Standard_NC96ads_A100_v4,19.6380307674408,2c03b63e-c0e2-4972-b546-3642570989fa,2023-09-29 22:50:11
falcon-40b,1,1,4,1,39,deepspeed,none,bf16,Standard_NC96ads_A100_v4,9.86159873008728,5ee3cc8e-e058-4f47-95e5-9ab164d50585,2023-09-29 22:50:21
falcon-40b,1,1,4,1,34,deepspeed,none,bf16,Standard_NC96ads_A100_v4,5.819767951965332,7c75ff97-6b94-48dd-9ba8-2bffc324646b,2023-09-29 22:50:27
falcon-40b,1,1,4,1,71,deepspeed,none,bf16,Standard_NC96ads_A100_v4,15.619320631027222,45b13148-3c68-47f9-a26c-637f85f58ee7,2023-09-29 22:50:43
falcon-40b,1,1,4,1,59,deepspeed,none,bf16,Standard_NC96ads_A100_v4,8.148524761199951,4c20bc00-1630-43e2-8f6a-e18ce061956c,2023-09-29 22:50:51
falcon-40b,1,1,4,1,95,deepspeed,none,bf16,Standard_NC96ads_A100_v4,19.07494854927063,b0db0812-6199-42fa-9a6d-f62b5efeb784,2023-09-29 22:51:10
falcon-40b,1,1,4,1,145,deepspeed,none,bf16,Standard_NC96ads_A100_v4,16.732874155044556,f28284fc-9f34-4337-91be-a3e204987497,2023-09-29 22:51:27
falcon-40b,1,1,4,1,629,deepspeed,none,bf16,Standard_NC96ads_A100_v4,8.111804962158203,b1f1ff92-70c1-437c-8e24-72091df02506,2023-09-29 22:51:35
falcon-40b,1,1,4,1,76,deepspeed,none,bf16,Standard_NC96ads_A100_v4,5.049811124801636,438ca005-641b-4abc-99c7-dc5294dd8147,2023-09-29 22:51:40
falcon-40b,1,1,4,1,117,deepspeed,none,bf16,Standard_NC96ads_A100_v4,3.977354526519776,593d98bd-394c-4045-b4dc-2f17f0f67363,2023-09-29 22:51:44
falcon-40b,1,1,4,1,302,deepspeed,none,bf16,Standard_NC96ads_A100_v4,8.51196575164795,2dae34fb-fd5a-4f59-b91e-531c837d96f4,2023-09-29 22:51:52
falcon-40b,1,1,4,1,77,deepspeed,none,bf16,Standard_NC96ads_A100_v4,19.163594722747803,f9dbf57b-ce6c-4fc3-a569-1381394fb9ad,2023-09-29 22:52:11
falcon-40b,1,1,4,1,92,deepspeed,none,bf16,Standard_NC96ads_A100_v4,6.2747790813446045,df9a6f4c-4c50-41c1-ad1e-9705a12b6361,2023-09-29 22:52:18
falcon-40b,1,1,4,1,93,deepspeed,none,bf16,Standard_NC96ads_A100_v4,9.576178073883057,b6efd3cc-cb05-43be-a89a-a676f863b8ef,2023-09-29 22:52:27
falcon-40b,1,1,4,1,55,deepspeed,none,bf16,Standard_NC96ads_A100_v4,4.747035264968872,05074d80-5924-4f69-b2e4-377d5c850a3c,2023-09-29 22:52:32
falcon-40b,1,1,4,1,68,deepspeed,none,bf16,Standard_NC96ads_A100_v4,7.221095561981201,5eba69b3-2134-4bfb-a2b7-351d4b2a0aa3,2023-09-29 22:52:39
falcon-40b,1,1,4,1,137,deepspeed,none,bf16,Standard_NC96ads_A100_v4,8.042574644088745,0e1d89c8-e91f-46f1-b0f8-86fe1ea1d350,2023-09-29 22:52:47
falcon-40b,1,1,4,1,102,deepspeed,none,bf16,Standard_NC96ads_A100_v4,2.534872531890869,aa74297e-d040-4547-a9f8-5276ea57a6da,2023-09-29 22:52:50
falcon-40b,1,1,4,1,72,deepspeed,none,bf16,Standard_NC96ads_A100_v4,3.574911594390869,fb2bf5a8-0f4c-46b9-8bd3-4a7fbefbf782,2023-09-29 22:52:53
falcon-40b,1,1,4,1,53,deepspeed,none,bf16,Standard_NC96ads_A100_v4,3.732421636581421,573c491c-a772-4ee7-b09e-149a0c521e14,2023-09-29 22:52:57
falcon-40b,1,1,4,1,60,deepspeed,none,bf16,Standard_NC96ads_A100_v4,4.962247848510742,251caadc-c326-4ee2-985f-41e7fd7aecaf,2023-09-29 22:53:02
falcon-40b,1,1,4,1,68,deepspeed,none,bf16,Standard_NC96ads_A100_v4,2.771574020385742,8f612060-0bc8-4973-bfed-2a40c7cdce98,2023-09-29 22:53:05
falcon-40b,1,1,4,1,94,deepspeed,none,bf16,Standard_NC96ads_A100_v4,13.508875370025637,a1102089-d226-43c6-ae53-05e27e07dcc8,2023-09-29 22:53:18
falcon-40b,1,1,4,1,78,deepspeed,none,bf16,Standard_NC96ads_A100_v4,3.872450113296509,7b3276d5-e013-4641-a83a-935d1cb39934,2023-09-29 22:53:22
falcon-40b,1,1,4,1,106,deepspeed,none,bf16,Standard_NC96ads_A100_v4,3.729100227355957,bba18970-3382-4c74-ad1f-b486a21f1726,2023-09-29 22:53:26
falcon-40b,1,1,4,1,27,deepspeed,none,bf16,Standard_NC96ads_A100_v4,4.203743934631348,8342fead-6376-4518-b770-016adcc15142,2023-09-29 22:53:30
falcon-40b,1,1,4,1,58,deepspeed,none,bf16,Standard_NC96ads_A100_v4,5.461140394210815,e8e93c5c-2f51-4a36-8940-ea0e2a233909,2023-09-29 22:53:36
falcon-40b,1,1,4,1,22,deepspeed,none,bf16,Standard_NC96ads_A100_v4,5.916727304458618,d09f7bf4-d012-4bc7-b0c4-3e4705267a55,2023-09-29 22:53:42
falcon-40b,1,1,4,1,46,deepspeed,none,bf16,Standard_NC96ads_A100_v4,3.812983512878418,5f70e90f-c511-4bfb-9113-ad8bacc2c0bf,2023-09-29 22:53:45
falcon-40b,1,1,4,1,33,deepspeed,none,bf16,Standard_NC96ads_A100_v4,3.3183376789093018,53933a52-dfe6-4dd9-bf2d-6fbad1a7ceda,2023-09-29 22:53:49
falcon-40b,1,1,4,1,32,deepspeed,none,bf16,Standard_NC96ads_A100_v4,3.8070919513702393,17cb8651-d7a9-420a-b9fe-cb9971f76b18,2023-09-29 22:53:53
falcon-40b,1,1,4,1,35,deepspeed,none,bf16,Standard_NC96ads_A100_v4,4.214005470275879,4feb4a7a-4e7b-41e8-8091-9688800cc706,2023-09-29 22:53:57
falcon-40b,1,1,4,1,76,deepspeed,none,bf16,Standard_NC96ads_A100_v4,5.396319389343262,4bef95ee-223c-4e29-a71c-352c0bd75715,2023-09-29 22:54:02
falcon-40b,1,1,4,1,47,deepspeed,none,bf16,Standard_NC96ads_A100_v4,10.84445071220398,e3930639-ac6d-4722-820f-b1e033b455ad,2023-09-29 22:54:13
falcon-40b,1,1,4,1,36,deepspeed,none,bf16,Standard_NC96ads_A100_v4,5.813409328460693,a3255794-3d05-4c94-8650-c229cda996e2,2023-09-29 22:54:19
falcon-40b,1,1,4,1,48,deepspeed,none,bf16,Standard_NC96ads_A100_v4,4.321394205093384,f516984a-5909-47de-aa96-24daec518546,2023-09-29 22:54:23
falcon-40b,1,1,4,1,106,deepspeed,none,bf16,Standard_NC96ads_A100_v4,3.159825801849365,b387937e-9445-44fe-8db7-2bb73bba4a28,2023-09-29 22:54:26
falcon-40b,1,1,4,1,52,deepspeed,none,bf16,Standard_NC96ads_A100_v4,5.977745532989502,ad24e533-29e2-4e79-bbcc-0921fade15ea,2023-09-29 22:54:32
falcon-40b,1,1,4,1,83,deepspeed,none,bf16,Standard_NC96ads_A100_v4,6.652037382125855,7d857e49-789a-4bb5-b963-808d9d77021f,2023-09-29 22:54:39
falcon-40b,1,1,4,1,44,deepspeed,none,bf16,Standard_NC96ads_A100_v4,3.1412224769592285,3ec43c12-30b8-4894-ba47-99bca1ac17b1,2023-09-29 22:54:42
falcon-40b,1,1,4,1,26,deepspeed,none,bf16,Standard_NC96ads_A100_v4,2.829970359802246,c309bce8-8d6f-4b72-98a7-bbbae0924cd1,2023-09-29 22:54:45
falcon-40b,1,1,4,1,118,deepspeed,none,bf16,Standard_NC96ads_A100_v4,2.4474682807922363,941e4ea9-bf39-49ad-bf88-dc822988993a,2023-09-29 22:54:47
falcon-40b,1,1,4,1,31,deepspeed,none,bf16,Standard_NC96ads_A100_v4,3.5172457695007324,2bac9faa-4819-425f-93fb-8d074e9fbd17,2023-09-29 22:54:51
falcon-40b,1,1,4,1,58,deepspeed,none,bf16,Standard_NC96ads_A100_v4,3.938655614852905,a122b0aa-ff53-4278-9b52-34cbe2eee9fb,2023-09-29 22:54:55
falcon-40b,1,1,4,1,48,deepspeed,none,bf16,Standard_NC96ads_A100_v4,6.1712799072265625,ab6da469-5fae-444f-b7e7-f59d376a6f28,2023-09-29 22:55:01
falcon-40b,1,1,4,1,119,deepspeed,none,bf16,Standard_NC96ads_A100_v4,4.138917684555054,cd6fb93e-e4bc-4df7-9bee-3923e65f9181,2023-09-29 22:55:05
falcon-40b,1,1,4,1,83,deepspeed,none,bf16,Standard_NC96ads_A100_v4,5.407902479171753,1d2c958a-b31e-4e1e-a704-7454bd81a37a,2023-09-29 22:55:10
falcon-40b,1,1,4,1,50,deepspeed,none,bf16,Standard_NC96ads_A100_v4,2.2659599781036377,f243ef2a-102a-449b-a32d-89dcac43a420,2023-09-29 22:55:13
